State,measure_group,total_estimated_responses,negative_estimated_responses,negative_rate_pct
DE,H_CLEAN_HSP,14560.0,2164.49,14.87
AL,H_CLEAN_HSP,43812.0,6132.5199999999995,14.0
MS,H_CLEAN_HSP,20776.0,2830.96,13.63
MI,H_CLEAN_HSP,55248.0,7176.460000000001,12.99
AZ,H_CLEAN_HSP,38570.0,4875.809999999999,12.64
TN,H_CLEAN_HSP,48625.0,6053.780000000001,12.45
ND,H_CLEAN_HSP,5355.0,664.74,12.41
DC,H_CLEAN_HSP,7506.0,929.51,12.38
AR,H_CLEAN_HSP,21826.0,2579.91,11.82
SC,H_CLEAN_HSP,41031.0,4822.5,11.75
MO,H_CLEAN_HSP,56607.0,6576.710000000001,11.62
NM,H_CLEAN_HSP,14735.0,1680.49,11.4
NY,H_CLEAN_HSP,117818.0,13312.24,11.3
IL,H_CLEAN_HSP,85079.0,9489.029999999999,11.15
PR,H_CLEAN_HSP,3904.0,426.31,10.92
MD,H_CLEAN_HSP,39595.0,4174.610000000001,10.54
MT,H_CLEAN_HSP,8535.0,898.8500000000001,10.53
GA,H_CLEAN_HSP,65517.0,6785.8099999999995,10.36
LA,H_CLEAN_HSP,34247.0,3504.35,10.23
FL,H_CLEAN_HSP,208855.0,21288.489999999998,10.19
MA,H_CLEAN_HSP,46689.0,4740.03,10.15
NC,H_CLEAN_HSP,66224.0,6702.45,10.12
OK,H_CLEAN_HSP,35845.0,3623.7499999999995,10.11
PA,H_CLEAN_HSP,89269.0,9015.96,10.1
KY,H_CLEAN_HSP,37177.0,3727.6499999999996,10.03
IN,H_CLEAN_HSP,41304.0,4072.8800000000006,9.86
NV,H_CLEAN_HSP,14782.0,1453.8700000000003,9.84
WV,H_CLEAN_HSP,19369.0,1905.72,9.84
NJ,H_CLEAN_HSP,69316.0,6788.52,9.79
WA,H_CLEAN_HSP,36970.0,3516.84,9.51
MN,H_CLEAN_HSP,36157.0,3423.2799999999997,9.47
ME,H_CLEAN_HSP,11865.0,1106.3899999999999,9.32
OH,H_CLEAN_HSP,107691.0,10030.32,9.31
CO,H_CLEAN_HSP,44886.0,4172.97,9.3
VA,H_CLEAN_HSP,53264.0,4916.990000000001,9.23
CA,H_CLEAN_HSP,218073.0,20072.78,9.2
NH,H_CLEAN_HSP,10360.0,946.09,9.13
IA,H_CLEAN_HSP,25695.0,2326.64,9.05
NE,H_CLEAN_HSP,23012.0,2061.27,8.96
OR,H_CLEAN_HSP,32937.0,2942.85,8.93
CT,H_CLEAN_HSP,21482.0,1878.7,8.75
TX,H_CLEAN_HSP,177521.0,14981.100000000002,8.44
VT,H_CLEAN_HSP,6528.0,534.38,8.19
ID,H_CLEAN_HSP,13628.0,1102.98,8.09
WI,H_CLEAN_HSP,53985.0,4233.849999999999,7.84
KS,H_CLEAN_HSP,25145.0,1964.6100000000001,7.81
AK,H_CLEAN_HSP,3328.0,258.09,7.76
RI,H_CLEAN_HSP,6616.0,503.99,7.62
WY,H_CLEAN_HSP,3845.0,287.84,7.49
HI,H_CLEAN_HSP,9331.0,695.74,7.46
SD,H_CLEAN_HSP,8790.0,644.0699999999999,7.33
VI,H_CLEAN_HSP,206.0,14.42,7.0
UT,H_CLEAN_HSP,18983.0,1231.85,6.49
PR,H_COMP_1,3904.0,332.57,8.52
DC,H_COMP_1,7506.0,579.8,7.72
NV,H_COMP_1,14782.0,897.7499999999998,6.07
NY,H_COMP_1,117818.0,6902.6,5.86
NM,H_COMP_1,14735.0,851.97,5.78
FL,H_COMP_1,208855.0,11988.689999999999,5.74
NJ,H_COMP_1,69316.0,3885.43,5.61
DE,H_COMP_1,14560.0,814.36,5.59
MD,H_COMP_1,39595.0,2211.0099999999998,5.58
AZ,H_COMP_1,38570.0,2145.81,5.56
GA,H_COMP_1,65517.0,3597.62,5.49
AL,H_COMP_1,43812.0,2383.83,5.44
CA,H_COMP_1,218073.0,11452.28,5.25
TN,H_COMP_1,48625.0,2552.0299999999997,5.25
TX,H_COMP_1,177521.0,8914.82,5.02
AR,H_COMP_1,21826.0,1077.8300000000002,4.94
CT,H_COMP_1,21482.0,1062.1100000000001,4.94
MS,H_COMP_1,20776.0,998.4699999999999,4.81
MA,H_COMP_1,46689.0,2227.44,4.77
LA,H_COMP_1,34247.0,1595.2700000000002,4.66
IL,H_COMP_1,85079.0,3926.2300000000005,4.61
KY,H_COMP_1,37177.0,1708.31,4.6
MI,H_COMP_1,55248.0,2539.4500000000003,4.6
OK,H_COMP_1,35845.0,1618.4499999999998,4.52
NC,H_COMP_1,66224.0,2977.3799999999997,4.5
SC,H_COMP_1,41031.0,1803.6099999999997,4.4
IN,H_COMP_1,41304.0,1771.03,4.29
VA,H_COMP_1,53264.0,2264.33,4.25
MO,H_COMP_1,56607.0,2398.7700000000004,4.24
WA,H_COMP_1,36970.0,1539.75,4.16
CO,H_COMP_1,44886.0,1864.5100000000004,4.15
WV,H_COMP_1,19369.0,785.6800000000001,4.06
PA,H_COMP_1,89269.0,3609.87,4.04
VI,H_COMP_1,206.0,8.24,4.0
RI,H_COMP_1,6616.0,264.26,3.99
AK,H_COMP_1,3328.0,131.87,3.96
OH,H_COMP_1,107691.0,4247.95,3.94
HI,H_COMP_1,9331.0,363.54999999999995,3.9
ND,H_COMP_1,5355.0,207.84000000000006,3.88
KS,H_COMP_1,25145.0,908.49,3.61
NH,H_COMP_1,10360.0,371.9,3.59
IA,H_COMP_1,25695.0,920.0899999999998,3.58
OR,H_COMP_1,32937.0,1152.3200000000002,3.5
WY,H_COMP_1,3845.0,132.39999999999998,3.44
NE,H_COMP_1,23012.0,768.3000000000001,3.34
UT,H_COMP_1,18983.0,628.23,3.31
ID,H_COMP_1,13628.0,449.78000000000003,3.3
MT,H_COMP_1,8535.0,277.54,3.25
ME,H_COMP_1,11865.0,363.46,3.06
VT,H_COMP_1,6528.0,198.04,3.03
MN,H_COMP_1,36157.0,1087.9999999999998,3.01
SD,H_COMP_1,8790.0,255.22,2.9
WI,H_COMP_1,53985.0,1535.0900000000001,2.84
NV,H_COMP_2,14782.0,1190.1400000000003,8.05
AZ,H_COMP_2,38570.0,2865.2500000000005,7.43
FL,H_COMP_2,208855.0,15185.5,7.27
NM,H_COMP_2,14735.0,999.72,6.78
PR,H_COMP_2,3904.0,262.43,6.72
NY,H_COMP_2,117818.0,7766.58,6.59
DE,H_COMP_2,14560.0,952.18,6.54
NJ,H_COMP_2,69316.0,4496.58,6.49
CA,H_COMP_2,218073.0,13753.88,6.31
TX,H_COMP_2,177521.0,10923.720000000001,6.15
TN,H_COMP_2,48625.0,2929.93,6.03
GA,H_COMP_2,65517.0,3880.84,5.92
MI,H_COMP_2,55248.0,3223.2699999999995,5.83
MD,H_COMP_2,39595.0,2265.1500000000005,5.72
IL,H_COMP_2,85079.0,4851.0199999999995,5.7
MA,H_COMP_2,46689.0,2625.88,5.62
DC,H_COMP_2,7506.0,421.28,5.61
CT,H_COMP_2,21482.0,1187.07,5.53
AL,H_COMP_2,43812.0,2399.75,5.48
KY,H_COMP_2,37177.0,2011.82,5.41
PA,H_COMP_2,89269.0,4826.9,5.41
IN,H_COMP_2,41304.0,2208.65,5.35
WA,H_COMP_2,36970.0,1969.5099999999998,5.33
WV,H_COMP_2,19369.0,1031.19,5.32
AR,H_COMP_2,21826.0,1154.28,5.29
OK,H_COMP_2,35845.0,1892.59,5.28
HI,H_COMP_2,9331.0,488.4599999999999,5.23
SC,H_COMP_2,41031.0,2146.43,5.23
CO,H_COMP_2,44886.0,2331.37,5.19
VA,H_COMP_2,53264.0,2762.23,5.19
OH,H_COMP_2,107691.0,5566.83,5.17
NC,H_COMP_2,66224.0,3388.5499999999997,5.12
ND,H_COMP_2,5355.0,264.8,4.94
RI,H_COMP_2,6616.0,326.9700000000001,4.94
MO,H_COMP_2,56607.0,2787.9,4.93
IA,H_COMP_2,25695.0,1247.42,4.85
AK,H_COMP_2,3328.0,160.92,4.84
MS,H_COMP_2,20776.0,997.12,4.8
MT,H_COMP_2,8535.0,406.07,4.76
NH,H_COMP_2,10360.0,481.32,4.65
KS,H_COMP_2,25145.0,1153.96,4.59
LA,H_COMP_2,34247.0,1568.4699999999998,4.58
OR,H_COMP_2,32937.0,1505.13,4.57
UT,H_COMP_2,18983.0,839.32,4.42
NE,H_COMP_2,23012.0,996.4000000000002,4.33
WI,H_COMP_2,53985.0,2307.1800000000003,4.27
ID,H_COMP_2,13628.0,566.9100000000001,4.16
WY,H_COMP_2,3845.0,158.36999999999998,4.12
ME,H_COMP_2,11865.0,479.81,4.04
VI,H_COMP_2,206.0,8.24,4.0
VT,H_COMP_2,6528.0,256.86,3.93
MN,H_COMP_2,36157.0,1417.6799999999996,3.92
SD,H_COMP_2,8790.0,331.09000000000003,3.77
PR,H_COMP_5,3904.0,1306.46,33.46
DC,H_COMP_5,7506.0,1921.29,25.6
DE,H_COMP_5,14560.0,3643.1,25.02
FL,H_COMP_5,208855.0,48771.21,23.35
AZ,H_COMP_5,38570.0,8990.529999999997,23.31
NY,H_COMP_5,117818.0,27398.73,23.26
GA,H_COMP_5,65517.0,14960.22,22.83
MD,H_COMP_5,39595.0,9020.07,22.78
NV,H_COMP_5,14782.0,3367.7,22.78
NJ,H_COMP_5,69316.0,15628.43,22.55
TN,H_COMP_5,48625.0,10895.25,22.41
NM,H_COMP_5,14735.0,3300.34,22.4
IN,H_COMP_5,41304.0,9249.42,22.39
CT,H_COMP_5,21482.0,4780.489999999999,22.25
MI,H_COMP_5,55248.0,12076.63,21.86
IL,H_COMP_5,85079.0,18541.42,21.79
AL,H_COMP_5,43812.0,9433.64,21.53
MO,H_COMP_5,56607.0,12150.0,21.46
AR,H_COMP_5,21826.0,4676.91,21.43
CA,H_COMP_5,218073.0,46724.51,21.43
TX,H_COMP_5,177521.0,37432.87,21.09
OH,H_COMP_5,107691.0,22701.010000000002,21.08
VI,H_COMP_5,206.0,43.26,21.0
VA,H_COMP_5,53264.0,11178.17,20.99
OK,H_COMP_5,35845.0,7499.91,20.92
PA,H_COMP_5,89269.0,18555.94,20.79
KY,H_COMP_5,37177.0,7692.890000000001,20.69
MA,H_COMP_5,46689.0,9496.28,20.34
SC,H_COMP_5,41031.0,8333.74,20.31
MS,H_COMP_5,20776.0,4214.94,20.29
WA,H_COMP_5,36970.0,7493.31,20.27
NC,H_COMP_5,66224.0,13363.72,20.18
CO,H_COMP_5,44886.0,8972.970000000001,19.99
WV,H_COMP_5,19369.0,3848.0000000000005,19.87
ND,H_COMP_5,5355.0,1052.78,19.66
LA,H_COMP_5,34247.0,6705.63,19.58
RI,H_COMP_5,6616.0,1284.3799999999999,19.41
IA,H_COMP_5,25695.0,4962.399999999999,19.31
AK,H_COMP_5,3328.0,642.35,19.3
MT,H_COMP_5,8535.0,1630.83,19.11
UT,H_COMP_5,18983.0,3604.3,18.99
KS,H_COMP_5,25145.0,4752.709999999999,18.9
NE,H_COMP_5,23012.0,4297.21,18.67
NH,H_COMP_5,10360.0,1933.7900000000002,18.67
OR,H_COMP_5,32937.0,6114.5199999999995,18.56
HI,H_COMP_5,9331.0,1692.23,18.14
ID,H_COMP_5,13628.0,2441.53,17.92
MN,H_COMP_5,36157.0,6438.470000000001,17.81
WY,H_COMP_5,3845.0,672.4200000000001,17.49
WI,H_COMP_5,53985.0,9141.85,16.93
VT,H_COMP_5,6528.0,1102.4400000000003,16.89
ME,H_COMP_5,11865.0,1964.9699999999998,16.56
SD,H_COMP_5,8790.0,1440.23,16.38
PR,H_COMP_6,3904.0,1004.68,25.73
VI,H_COMP_6,206.0,41.2,20.0
NM,H_COMP_6,14735.0,2495.5099999999998,16.94
NV,H_COMP_6,14782.0,2444.0299999999997,16.53
DC,H_COMP_6,7506.0,1222.1599999999999,16.28
AZ,H_COMP_6,38570.0,6268.4,16.25
FL,H_COMP_6,208855.0,32928.09,15.77
TN,H_COMP_6,48625.0,7663.49,15.76
GA,H_COMP_6,65517.0,10165.23,15.52
NJ,H_COMP_6,69316.0,10681.39,15.41
NY,H_COMP_6,117818.0,18101.03,15.36
MS,H_COMP_6,20776.0,3161.3099999999995,15.22
AR,H_COMP_6,21826.0,3274.39,15.0
AL,H_COMP_6,43812.0,6367.79,14.53
CA,H_COMP_6,218073.0,31512.63,14.45
TX,H_COMP_6,177521.0,25598.760000000002,14.42
OK,H_COMP_6,35845.0,5153.67,14.38
MD,H_COMP_6,39595.0,5674.179999999999,14.33
MI,H_COMP_6,55248.0,7834.32,14.18
IL,H_COMP_6,85079.0,12044.9,14.16
ND,H_COMP_6,5355.0,753.4599999999999,14.07
KY,H_COMP_6,37177.0,5150.450000000001,13.85
SC,H_COMP_6,41031.0,5672.97,13.83
WV,H_COMP_6,19369.0,2674.2400000000002,13.81
HI,H_COMP_6,9331.0,1286.48,13.79
LA,H_COMP_6,34247.0,4704.3,13.74
VA,H_COMP_6,53264.0,7289.49,13.69
NC,H_COMP_6,66224.0,8993.22,13.58
IN,H_COMP_6,41304.0,5567.409999999999,13.48
CO,H_COMP_6,44886.0,6031.05,13.44
DE,H_COMP_6,14560.0,1929.29,13.25
OH,H_COMP_6,107691.0,14083.05,13.08
PA,H_COMP_6,89269.0,11649.99,13.05
CT,H_COMP_6,21482.0,2770.3199999999997,12.9
MA,H_COMP_6,46689.0,6000.54,12.85
WA,H_COMP_6,36970.0,4713.24,12.75
AK,H_COMP_6,3328.0,418.16,12.56
MO,H_COMP_6,56607.0,7110.549999999999,12.56
KS,H_COMP_6,25145.0,3156.68,12.55
IA,H_COMP_6,25695.0,3196.16,12.44
OR,H_COMP_6,32937.0,3980.640000000001,12.09
ME,H_COMP_6,11865.0,1432.79,12.08
MT,H_COMP_6,8535.0,1020.9300000000001,11.96
NH,H_COMP_6,10360.0,1239.5299999999997,11.96
NE,H_COMP_6,23012.0,2723.72,11.84
VT,H_COMP_6,6528.0,766.0799999999999,11.74
RI,H_COMP_6,6616.0,770.86,11.65
WY,H_COMP_6,3845.0,441.50000000000006,11.48
MN,H_COMP_6,36157.0,4082.29,11.29
SD,H_COMP_6,8790.0,982.3999999999999,11.18
UT,H_COMP_6,18983.0,2104.34,11.09
WI,H_COMP_6,53985.0,5812.42,10.77
ID,H_COMP_6,13628.0,1453.6100000000004,10.67
PR,H_DISCH_HELP,3904.0,1290.58,33.06
VI,H_DISCH_HELP,206.0,47.38,23.0
NM,H_DISCH_HELP,14665.0,2785.8200000000006,19.0
AZ,H_DISCH_HELP,38437.0,7143.75,18.59
NV,H_DISCH_HELP,14782.0,2717.6399999999994,18.38
DC,H_DISCH_HELP,7506.0,1359.8600000000001,18.12
TN,H_DISCH_HELP,48433.0,8573.23,17.7
AR,H_DISCH_HELP,21508.0,3718.56,17.29
FL,H_DISCH_HELP,208784.0,35871.240000000005,17.18
GA,H_DISCH_HELP,65163.0,11150.420000000002,17.11
NJ,H_DISCH_HELP,69316.0,11716.29,16.9
NY,H_DISCH_HELP,117586.0,19540.68,16.62
MS,H_DISCH_HELP,20215.0,3349.84,16.57
AL,H_DISCH_HELP,43376.0,7089.85,16.35
TX,H_DISCH_HELP,176331.0,28785.550000000003,16.32
LA,H_DISCH_HELP,33721.0,5293.33,15.7
MD,H_DISCH_HELP,39595.0,6193.450000000001,15.64
MI,H_DISCH_HELP,55017.0,8593.03,15.62
SC,H_DISCH_HELP,40984.0,6385.72,15.58
CA,H_DISCH_HELP,217688.0,33472.729999999996,15.38
KY,H_DISCH_HELP,37012.0,5691.320000000001,15.38
OK,H_DISCH_HELP,35224.0,5395.360000000001,15.32
CO,H_DISCH_HELP,44611.0,6773.24,15.18
IL,H_DISCH_HELP,84493.0,12750.86,15.09
DE,H_DISCH_HELP,14560.0,2191.96,15.05
WV,H_DISCH_HELP,19266.0,2900.2899999999995,15.05
ND,H_DISCH_HELP,5034.0,744.47,14.79
HI,H_DISCH_HELP,9291.0,1353.6599999999999,14.57
VA,H_DISCH_HELP,53229.0,7734.830000000001,14.53
NC,H_DISCH_HELP,66191.0,9606.86,14.51
IN,H_DISCH_HELP,41186.0,5904.380000000001,14.34
KS,H_DISCH_HELP,24411.0,3465.25,14.2
MA,H_DISCH_HELP,46689.0,6624.16,14.19
PA,H_DISCH_HELP,89236.0,12610.77,14.13
WA,H_DISCH_HELP,36752.0,5112.84,13.91
CT,H_DISCH_HELP,21482.0,2932.1900000000005,13.65
MO,H_DISCH_HELP,56300.0,7683.720000000001,13.65
WY,H_DISCH_HELP,3661.0,499.84999999999997,13.65
AK,H_DISCH_HELP,3328.0,446.20000000000005,13.41
MT,H_DISCH_HELP,8434.0,1128.46,13.38
OH,H_DISCH_HELP,107500.0,14373.280000000002,13.37
ME,H_DISCH_HELP,11771.0,1553.41,13.2
IA,H_DISCH_HELP,24933.0,3283.2799999999997,13.17
OR,H_DISCH_HELP,32865.0,4241.030000000001,12.9
NH,H_DISCH_HELP,10283.0,1302.79,12.67
NE,H_DISCH_HELP,22205.0,2797.71,12.6
SD,H_DISCH_HELP,8368.0,1003.05,11.99
RI,H_DISCH_HELP,6616.0,791.97,11.97
VT,H_DISCH_HELP,6528.0,780.8599999999998,11.96
MN,H_DISCH_HELP,35754.0,4159.089999999999,11.63
UT,H_DISCH_HELP,18847.0,2191.6,11.63
WI,H_DISCH_HELP,53716.0,6108.74,11.37
ID,H_DISCH_HELP,13402.0,1483.0300000000002,11.07
NV,H_DOCTOR_EXPLAIN,14782.0,1380.8,9.34
AZ,H_DOCTOR_EXPLAIN,38437.0,3506.68,9.12
FL,H_DOCTOR_EXPLAIN,208784.0,18650.16,8.93
NM,H_DOCTOR_EXPLAIN,14665.0,1222.3700000000001,8.34
NJ,H_DOCTOR_EXPLAIN,69316.0,5717.700000000001,8.25
NY,H_DOCTOR_EXPLAIN,117586.0,9613.090000000002,8.18
PR,H_DOCTOR_EXPLAIN,3904.0,309.93,7.94
CA,H_DOCTOR_EXPLAIN,217688.0,17141.4,7.87
DE,H_DOCTOR_EXPLAIN,14560.0,1111.78,7.64
TN,H_DOCTOR_EXPLAIN,48433.0,3701.67,7.64
TX,H_DOCTOR_EXPLAIN,176331.0,13432.61,7.62
GA,H_DOCTOR_EXPLAIN,65163.0,4832.85,7.42
MI,H_DOCTOR_EXPLAIN,55017.0,3996.05,7.26
MD,H_DOCTOR_EXPLAIN,39595.0,2869.91,7.25
IL,H_DOCTOR_EXPLAIN,84493.0,6077.58,7.19
MA,H_DOCTOR_EXPLAIN,46689.0,3313.11,7.1
DC,H_DOCTOR_EXPLAIN,7506.0,527.53,7.03
IN,H_DOCTOR_EXPLAIN,41186.0,2838.05,6.89
WA,H_DOCTOR_EXPLAIN,36752.0,2522.8799999999997,6.86
AL,H_DOCTOR_EXPLAIN,43376.0,2967.42,6.84
CT,H_DOCTOR_EXPLAIN,21482.0,1466.28,6.83
AR,H_DOCTOR_EXPLAIN,21508.0,1466.34,6.82
PA,H_DOCTOR_EXPLAIN,89236.0,6086.639999999999,6.82
KY,H_DOCTOR_EXPLAIN,37012.0,2509.77,6.78
VA,H_DOCTOR_EXPLAIN,53229.0,3605.4099999999994,6.77
OH,H_DOCTOR_EXPLAIN,107500.0,7201.91,6.7
NC,H_DOCTOR_EXPLAIN,66191.0,4431.1,6.69
WV,H_DOCTOR_EXPLAIN,19266.0,1289.8300000000002,6.69
OK,H_DOCTOR_EXPLAIN,35224.0,2337.92,6.64
SC,H_DOCTOR_EXPLAIN,40984.0,2723.05,6.64
ND,H_DOCTOR_EXPLAIN,5034.0,333.7,6.63
CO,H_DOCTOR_EXPLAIN,44611.0,2888.71,6.48
HI,H_DOCTOR_EXPLAIN,9291.0,599.44,6.45
MO,H_DOCTOR_EXPLAIN,56300.0,3630.54,6.45
IA,H_DOCTOR_EXPLAIN,24933.0,1567.8800000000003,6.29
MT,H_DOCTOR_EXPLAIN,8434.0,528.5,6.27
RI,H_DOCTOR_EXPLAIN,6616.0,412.40999999999997,6.23
KS,H_DOCTOR_EXPLAIN,24411.0,1469.49,6.02
LA,H_DOCTOR_EXPLAIN,33721.0,2002.0400000000002,5.94
OR,H_DOCTOR_EXPLAIN,32865.0,1946.74,5.92
MS,H_DOCTOR_EXPLAIN,20215.0,1182.75,5.85
AK,H_DOCTOR_EXPLAIN,3328.0,191.27,5.75
UT,H_DOCTOR_EXPLAIN,18847.0,1079.4699999999998,5.73
NH,H_DOCTOR_EXPLAIN,10283.0,586.4,5.7
ID,H_DOCTOR_EXPLAIN,13402.0,750.79,5.6
WI,H_DOCTOR_EXPLAIN,53716.0,2970.3999999999996,5.53
NE,H_DOCTOR_EXPLAIN,22205.0,1210.8600000000001,5.45
WY,H_DOCTOR_EXPLAIN,3661.0,196.46,5.37
ME,H_DOCTOR_EXPLAIN,11771.0,621.1600000000001,5.28
SD,H_DOCTOR_EXPLAIN,8368.0,429.54999999999995,5.13
VT,H_DOCTOR_EXPLAIN,6528.0,334.41,5.12
MN,H_DOCTOR_EXPLAIN,35754.0,1795.37,5.02
VI,H_DOCTOR_EXPLAIN,206.0,10.3,5.0
NV,H_DOCTOR_LISTEN,14782.0,1320.49,8.93
AZ,H_DOCTOR_LISTEN,38437.0,3142.8,8.18
FL,H_DOCTOR_LISTEN,208784.0,16732.04,8.01
NM,H_DOCTOR_LISTEN,14665.0,1102.39,7.52
DE,H_DOCTOR_LISTEN,14560.0,1076.25,7.39
PR,H_DOCTOR_LISTEN,3904.0,283.82,7.27
NJ,H_DOCTOR_LISTEN,69316.0,4938.81,7.13
NY,H_DOCTOR_LISTEN,117586.0,8339.79,7.09
CA,H_DOCTOR_LISTEN,217688.0,14675.080000000002,6.74
TX,H_DOCTOR_LISTEN,176331.0,11772.94,6.68
TN,H_DOCTOR_LISTEN,48433.0,3162.11,6.53
GA,H_DOCTOR_LISTEN,65163.0,4217.06,6.47
MD,H_DOCTOR_LISTEN,39595.0,2556.24,6.46
MI,H_DOCTOR_LISTEN,55017.0,3479.91,6.33
DC,H_DOCTOR_LISTEN,7506.0,470.39000000000004,6.27
MA,H_DOCTOR_LISTEN,46689.0,2868.12,6.14
CT,H_DOCTOR_LISTEN,21482.0,1312.5100000000002,6.11
IL,H_DOCTOR_LISTEN,84493.0,5138.759999999999,6.08
OK,H_DOCTOR_LISTEN,35224.0,2073.81,5.89
KY,H_DOCTOR_LISTEN,37012.0,2172.93,5.87
PA,H_DOCTOR_LISTEN,89236.0,5229.09,5.86
IN,H_DOCTOR_LISTEN,41186.0,2396.2400000000002,5.82
WA,H_DOCTOR_LISTEN,36752.0,2139.58,5.82
WV,H_DOCTOR_LISTEN,19266.0,1117.6299999999999,5.8
AL,H_DOCTOR_LISTEN,43376.0,2497.0899999999997,5.76
AR,H_DOCTOR_LISTEN,21508.0,1228.59,5.71
OH,H_DOCTOR_LISTEN,107500.0,6122.53,5.7
SC,H_DOCTOR_LISTEN,40984.0,2300.63,5.61
VA,H_DOCTOR_LISTEN,53229.0,2986.1399999999994,5.61
CO,H_DOCTOR_LISTEN,44611.0,2494.16,5.59
ND,H_DOCTOR_LISTEN,5034.0,280.35999999999996,5.57
NC,H_DOCTOR_LISTEN,66191.0,3663.4000000000005,5.53
HI,H_DOCTOR_LISTEN,9291.0,499.18999999999994,5.37
NH,H_DOCTOR_LISTEN,10283.0,552.2299999999999,5.37
MO,H_DOCTOR_LISTEN,56300.0,2993.81,5.32
IA,H_DOCTOR_LISTEN,24933.0,1319.5600000000002,5.29
MS,H_DOCTOR_LISTEN,20215.0,1064.75,5.27
MT,H_DOCTOR_LISTEN,8434.0,433.14000000000004,5.14
AK,H_DOCTOR_LISTEN,3328.0,169.68,5.1
KS,H_DOCTOR_LISTEN,24411.0,1244.67,5.1
OR,H_DOCTOR_LISTEN,32865.0,1647.14,5.01
RI,H_DOCTOR_LISTEN,6616.0,327.40000000000003,4.95
LA,H_DOCTOR_LISTEN,33721.0,1638.4099999999999,4.86
VT,H_DOCTOR_LISTEN,6528.0,317.13000000000005,4.86
WY,H_DOCTOR_LISTEN,3661.0,173.58,4.74
UT,H_DOCTOR_LISTEN,18847.0,886.0200000000001,4.7
NE,H_DOCTOR_LISTEN,22205.0,1027.5800000000002,4.63
ME,H_DOCTOR_LISTEN,11771.0,527.7,4.48
WI,H_DOCTOR_LISTEN,53716.0,2399.7799999999997,4.47
ID,H_DOCTOR_LISTEN,13402.0,591.45,4.41
MN,H_DOCTOR_LISTEN,35754.0,1549.44,4.33
SD,H_DOCTOR_LISTEN,8368.0,343.78000000000003,4.11
VI,H_DOCTOR_LISTEN,206.0,8.24,4.0
NV,H_DOCTOR_RESPECT,14782.0,844.73,5.71
AZ,H_DOCTOR_RESPECT,38437.0,1990.8899999999999,5.18
NM,H_DOCTOR_RESPECT,14665.0,726.5,4.95
FL,H_DOCTOR_RESPECT,208784.0,9912.27,4.75
NY,H_DOCTOR_RESPECT,117586.0,5281.3,4.49
PR,H_DOCTOR_RESPECT,3904.0,175.3,4.49
CA,H_DOCTOR_RESPECT,217688.0,9476.05,4.35
NJ,H_DOCTOR_RESPECT,69316.0,2976.7,4.29
TX,H_DOCTOR_RESPECT,176331.0,7314.129999999999,4.15
TN,H_DOCTOR_RESPECT,48433.0,1988.6399999999999,4.11
VI,H_DOCTOR_RESPECT,206.0,8.24,4.0
MD,H_DOCTOR_RESPECT,39595.0,1528.92,3.86
IL,H_DOCTOR_RESPECT,84493.0,3248.6000000000004,3.84
DE,H_DOCTOR_RESPECT,14560.0,548.82,3.77
GA,H_DOCTOR_RESPECT,65163.0,2442.49,3.75
MA,H_DOCTOR_RESPECT,46689.0,1750.8999999999999,3.75
CT,H_DOCTOR_RESPECT,21482.0,803.89,3.74
MI,H_DOCTOR_RESPECT,55017.0,2049.96,3.73
DC,H_DOCTOR_RESPECT,7506.0,278.52000000000004,3.71
AL,H_DOCTOR_RESPECT,43376.0,1582.99,3.65
OK,H_DOCTOR_RESPECT,35224.0,1272.3400000000001,3.61
AR,H_DOCTOR_RESPECT,21508.0,774.2,3.6
PA,H_DOCTOR_RESPECT,89236.0,3175.39,3.56
WA,H_DOCTOR_RESPECT,36752.0,1299.06,3.53
ND,H_DOCTOR_RESPECT,5034.0,176.04,3.5
VA,H_DOCTOR_RESPECT,53229.0,1851.43,3.48
IN,H_DOCTOR_RESPECT,41186.0,1430.52,3.47
OH,H_DOCTOR_RESPECT,107500.0,3731.09,3.47
NC,H_DOCTOR_RESPECT,66191.0,2291.2599999999998,3.46
AK,H_DOCTOR_RESPECT,3328.0,114.79,3.45
HI,H_DOCTOR_RESPECT,9291.0,320.28999999999996,3.45
KY,H_DOCTOR_RESPECT,37012.0,1276.9099999999999,3.45
IA,H_DOCTOR_RESPECT,24933.0,837.64,3.36
MS,H_DOCTOR_RESPECT,20215.0,664.47,3.29
CO,H_DOCTOR_RESPECT,44611.0,1465.44,3.28
KS,H_DOCTOR_RESPECT,24411.0,799.6199999999999,3.28
SC,H_DOCTOR_RESPECT,40984.0,1342.56,3.28
MO,H_DOCTOR_RESPECT,56300.0,1839.97,3.27
NH,H_DOCTOR_RESPECT,10283.0,329.43999999999994,3.2
WV,H_DOCTOR_RESPECT,19266.0,614.71,3.19
RI,H_DOCTOR_RESPECT,6616.0,206.05999999999997,3.11
MT,H_DOCTOR_RESPECT,8434.0,260.92,3.09
LA,H_DOCTOR_RESPECT,33721.0,1008.12,2.99
OR,H_DOCTOR_RESPECT,32865.0,955.63,2.91
UT,H_DOCTOR_RESPECT,18847.0,540.8,2.87
WY,H_DOCTOR_RESPECT,3661.0,101.71,2.78
SD,H_DOCTOR_RESPECT,8368.0,231.92999999999998,2.77
VT,H_DOCTOR_RESPECT,6528.0,178.60000000000002,2.74
WI,H_DOCTOR_RESPECT,53716.0,1462.48,2.72
ME,H_DOCTOR_RESPECT,11771.0,314.25,2.67
NE,H_DOCTOR_RESPECT,22205.0,590.58,2.66
MN,H_DOCTOR_RESPECT,35754.0,947.5500000000001,2.65
ID,H_DOCTOR_RESPECT,13402.0,343.41,2.56
PR,H_HSP_RATING,3904.0,530.04,13.58
VI,H_HSP_RATING,206.0,26.78,13.0
DC,H_HSP_RATING,7506.0,894.99,11.92
AZ,H_HSP_RATING,38570.0,4360.699999999999,11.31
NY,H_HSP_RATING,117818.0,13230.76,11.23
NM,H_HSP_RATING,14735.0,1620.78,11.0
DE,H_HSP_RATING,14560.0,1574.84,10.82
TN,H_HSP_RATING,48625.0,5191.91,10.68
NJ,H_HSP_RATING,69316.0,7225.67,10.42
NV,H_HSP_RATING,14782.0,1538.8899999999999,10.41
FL,H_HSP_RATING,208855.0,21657.24,10.37
MI,H_HSP_RATING,55248.0,5718.280000000001,10.35
CT,H_HSP_RATING,21482.0,2157.01,10.04
MD,H_HSP_RATING,39595.0,3893.41,9.83
MA,H_HSP_RATING,46689.0,4558.3099999999995,9.76
AL,H_HSP_RATING,43812.0,4229.72,9.65
IL,H_HSP_RATING,85079.0,7858.080000000001,9.24
CA,H_HSP_RATING,218073.0,20029.37,9.18
WV,H_HSP_RATING,19369.0,1777.36,9.18
GA,H_HSP_RATING,65517.0,5982.33,9.13
AR,H_HSP_RATING,21826.0,1957.1099999999997,8.97
PA,H_HSP_RATING,89269.0,7896.83,8.85
TX,H_HSP_RATING,177521.0,15526.68,8.75
WA,H_HSP_RATING,36970.0,3214.11,8.69
ND,H_HSP_RATING,5355.0,464.47,8.67
SC,H_HSP_RATING,41031.0,3539.33,8.63
MS,H_HSP_RATING,20776.0,1760.37,8.47
RI,H_HSP_RATING,6616.0,559.78,8.46
VA,H_HSP_RATING,53264.0,4498.150000000001,8.45
NC,H_HSP_RATING,66224.0,5555.160000000001,8.39
OH,H_HSP_RATING,107691.0,9015.470000000001,8.37
IN,H_HSP_RATING,41304.0,3451.86,8.36
KY,H_HSP_RATING,37177.0,3096.5499999999997,8.33
LA,H_HSP_RATING,34247.0,2815.64,8.22
OK,H_HSP_RATING,35845.0,2946.71,8.22
HI,H_HSP_RATING,9331.0,756.91,8.11
NH,H_HSP_RATING,10360.0,835.59,8.07
ME,H_HSP_RATING,11865.0,952.69,8.03
MO,H_HSP_RATING,56607.0,4441.970000000001,7.85
IA,H_HSP_RATING,25695.0,1998.3400000000004,7.78
CO,H_HSP_RATING,44886.0,3406.8199999999997,7.59
OR,H_HSP_RATING,32937.0,2478.5299999999997,7.53
AK,H_HSP_RATING,3328.0,236.93,7.12
WY,H_HSP_RATING,3845.0,273.68,7.12
NE,H_HSP_RATING,23012.0,1620.8899999999999,7.04
KS,H_HSP_RATING,25145.0,1727.7600000000002,6.87
MT,H_HSP_RATING,8535.0,585.7,6.86
VT,H_HSP_RATING,6528.0,441.67,6.77
WI,H_HSP_RATING,53985.0,3490.2099999999996,6.47
UT,H_HSP_RATING,18983.0,1217.24,6.41
ID,H_HSP_RATING,13628.0,870.47,6.39
MN,H_HSP_RATING,36157.0,2304.7599999999998,6.37
SD,H_HSP_RATING,8790.0,503.4,5.73
PR,H_MED_FOR,3904.0,620.67,15.9
VI,H_MED_FOR,206.0,26.78,13.0
DC,H_MED_FOR,7506.0,948.03,12.63
DE,H_MED_FOR,14560.0,1753.01,12.04
NV,H_MED_FOR,14782.0,1744.45,11.8
NM,H_MED_FOR,14665.0,1708.0099999999998,11.65
AZ,H_MED_FOR,38437.0,4471.009999999999,11.63
FL,H_MED_FOR,208784.0,23946.28,11.47
NY,H_MED_FOR,117586.0,13428.279999999999,11.42
TN,H_MED_FOR,48433.0,5462.089999999999,11.28
GA,H_MED_FOR,65163.0,7263.99,11.15
IN,H_MED_FOR,41186.0,4483.5,10.89
AR,H_MED_FOR,21508.0,2314.87,10.76
AL,H_MED_FOR,43376.0,4641.76,10.7
CT,H_MED_FOR,21482.0,2292.18,10.67
NJ,H_MED_FOR,69316.0,7378.759999999999,10.65
MD,H_MED_FOR,39595.0,4175.469999999999,10.55
CA,H_MED_FOR,217688.0,22856.550000000003,10.5
AK,H_MED_FOR,3328.0,348.8299999999999,10.48
KY,H_MED_FOR,37012.0,3870.22,10.46
MO,H_MED_FOR,56300.0,5881.83,10.45
OK,H_MED_FOR,35224.0,3682.4099999999994,10.45
WA,H_MED_FOR,36752.0,3832.39,10.43
MS,H_MED_FOR,20215.0,2102.26,10.4
ND,H_MED_FOR,5034.0,522.6899999999999,10.38
TX,H_MED_FOR,176331.0,18306.36,10.38
IL,H_MED_FOR,84493.0,8736.25,10.34
WV,H_MED_FOR,19266.0,1969.1299999999999,10.22
MI,H_MED_FOR,55017.0,5587.59,10.16
MA,H_MED_FOR,46689.0,4595.129999999999,9.84
VA,H_MED_FOR,53229.0,5216.99,9.8
PA,H_MED_FOR,89236.0,8621.619999999999,9.66
OH,H_MED_FOR,107500.0,10259.51,9.54
SC,H_MED_FOR,40984.0,3911.8999999999996,9.54
IA,H_MED_FOR,24933.0,2374.05,9.52
NC,H_MED_FOR,66191.0,6282.280000000001,9.49
MT,H_MED_FOR,8434.0,796.9499999999999,9.45
LA,H_MED_FOR,33721.0,3181.0299999999997,9.43
CO,H_MED_FOR,44611.0,4183.68,9.38
OR,H_MED_FOR,32865.0,2961.0299999999993,9.01
WY,H_MED_FOR,3661.0,324.73999999999995,8.87
KS,H_MED_FOR,24411.0,2121.88,8.69
ID,H_MED_FOR,13402.0,1162.6599999999999,8.68
RI,H_MED_FOR,6616.0,571.65,8.64
NE,H_MED_FOR,22205.0,1894.67,8.53
NH,H_MED_FOR,10283.0,875.6500000000001,8.52
HI,H_MED_FOR,9291.0,775.9,8.35
UT,H_MED_FOR,18847.0,1570.89,8.33
MN,H_MED_FOR,35754.0,2935.75,8.21
SD,H_MED_FOR,8368.0,645.1,7.71
WI,H_MED_FOR,53716.0,4125.360000000001,7.68
VT,H_MED_FOR,6528.0,496.47,7.61
ME,H_MED_FOR,11771.0,845.8,7.19
PR,H_NURSE_EXPLAIN,3904.0,406.70000000000005,10.42
DC,H_NURSE_EXPLAIN,7506.0,696.8899999999999,9.28
NV,H_NURSE_EXPLAIN,14782.0,1137.28,7.69
NY,H_NURSE_EXPLAIN,117586.0,8746.95,7.44
FL,H_NURSE_EXPLAIN,208784.0,15437.09,7.39
NJ,H_NURSE_EXPLAIN,69316.0,4948.42,7.14
NM,H_NURSE_EXPLAIN,14665.0,1046.4,7.14
GA,H_NURSE_EXPLAIN,65163.0,4623.86,7.1
MD,H_NURSE_EXPLAIN,39595.0,2811.42,7.1
AZ,H_NURSE_EXPLAIN,38437.0,2699.7,7.02
TN,H_NURSE_EXPLAIN,48433.0,3295.5299999999997,6.8
CA,H_NURSE_EXPLAIN,217688.0,14726.22,6.76
AL,H_NURSE_EXPLAIN,43376.0,2923.1799999999994,6.74
DE,H_NURSE_EXPLAIN,14560.0,967.26,6.64
TX,H_NURSE_EXPLAIN,176331.0,11554.41,6.55
AR,H_NURSE_EXPLAIN,21508.0,1362.0,6.33
CT,H_NURSE_EXPLAIN,21482.0,1342.42,6.25
OK,H_NURSE_EXPLAIN,35224.0,2151.24,6.11
MA,H_NURSE_EXPLAIN,46689.0,2847.31,6.1
MS,H_NURSE_EXPLAIN,20215.0,1221.12,6.04
VI,H_NURSE_EXPLAIN,206.0,12.36,6.0
IL,H_NURSE_EXPLAIN,84493.0,5035.49,5.96
NC,H_NURSE_EXPLAIN,66191.0,3906.53,5.9
MI,H_NURSE_EXPLAIN,55017.0,3226.25,5.86
KY,H_NURSE_EXPLAIN,37012.0,2141.0899999999997,5.78
SC,H_NURSE_EXPLAIN,40984.0,2357.38,5.75
LA,H_NURSE_EXPLAIN,33721.0,1931.0900000000001,5.73
WA,H_NURSE_EXPLAIN,36752.0,2103.3,5.72
IN,H_NURSE_EXPLAIN,41186.0,2352.73,5.71
VA,H_NURSE_EXPLAIN,53229.0,3011.8500000000004,5.66
ND,H_NURSE_EXPLAIN,5034.0,284.12,5.64
MO,H_NURSE_EXPLAIN,56300.0,3169.21,5.63
PA,H_NURSE_EXPLAIN,89236.0,4802.1900000000005,5.38
RI,H_NURSE_EXPLAIN,6616.0,355.09999999999997,5.37
CO,H_NURSE_EXPLAIN,44611.0,2391.93,5.36
OH,H_NURSE_EXPLAIN,107500.0,5620.2,5.23
HI,H_NURSE_EXPLAIN,9291.0,478.57000000000005,5.15
WV,H_NURSE_EXPLAIN,19266.0,991.62,5.15
AK,H_NURSE_EXPLAIN,3328.0,171.1,5.14
IA,H_NURSE_EXPLAIN,24933.0,1277.3100000000002,5.12
KS,H_NURSE_EXPLAIN,24411.0,1213.81,4.97
MT,H_NURSE_EXPLAIN,8434.0,412.18,4.89
UT,H_NURSE_EXPLAIN,18847.0,918.96,4.88
OR,H_NURSE_EXPLAIN,32865.0,1593.5099999999998,4.85
WY,H_NURSE_EXPLAIN,3661.0,176.20999999999998,4.81
NH,H_NURSE_EXPLAIN,10283.0,486.76000000000005,4.73
ID,H_NURSE_EXPLAIN,13402.0,625.46,4.67
NE,H_NURSE_EXPLAIN,22205.0,1033.13,4.65
MN,H_NURSE_EXPLAIN,35754.0,1541.0399999999997,4.31
VT,H_NURSE_EXPLAIN,6528.0,280.01000000000005,4.29
ME,H_NURSE_EXPLAIN,11771.0,494.16999999999996,4.2
SD,H_NURSE_EXPLAIN,8368.0,342.46,4.09
WI,H_NURSE_EXPLAIN,53716.0,2179.46,4.06
PR,H_NURSE_LISTEN,3904.0,387.0300000000001,9.91
DC,H_NURSE_LISTEN,7506.0,638.47,8.51
NV,H_NURSE_LISTEN,14782.0,987.8499999999999,6.68
FL,H_NURSE_LISTEN,208784.0,13097.599999999999,6.27
NY,H_NURSE_LISTEN,117586.0,7323.4400000000005,6.23
NM,H_NURSE_LISTEN,14665.0,897.36,6.12
AL,H_NURSE_LISTEN,43376.0,2643.29,6.09
MD,H_NURSE_LISTEN,39595.0,2384.35,6.02
AZ,H_NURSE_LISTEN,38437.0,2301.6899999999996,5.99
NJ,H_NURSE_LISTEN,69316.0,4040.64,5.83
GA,H_NURSE_LISTEN,65163.0,3790.6899999999996,5.82
DE,H_NURSE_LISTEN,14560.0,833.25,5.72
CA,H_NURSE_LISTEN,217688.0,12339.59,5.67
TN,H_NURSE_LISTEN,48433.0,2722.13,5.62
CT,H_NURSE_LISTEN,21482.0,1178.7,5.49
AR,H_NURSE_LISTEN,21508.0,1178.08,5.48
TX,H_NURSE_LISTEN,176331.0,9642.93,5.47
LA,H_NURSE_LISTEN,33721.0,1760.1100000000001,5.22
MS,H_NURSE_LISTEN,20215.0,1041.82,5.15
MA,H_NURSE_LISTEN,46689.0,2366.06,5.07
VI,H_NURSE_LISTEN,206.0,10.3,5.0
IL,H_NURSE_LISTEN,84493.0,4153.139999999999,4.92
KY,H_NURSE_LISTEN,37012.0,1814.9500000000003,4.9
OK,H_NURSE_LISTEN,35224.0,1720.16,4.88
MO,H_NURSE_LISTEN,56300.0,2709.38,4.81
MI,H_NURSE_LISTEN,55017.0,2627.8999999999996,4.78
IN,H_NURSE_LISTEN,41186.0,1941.1399999999996,4.71
NC,H_NURSE_LISTEN,66191.0,3065.9900000000002,4.63
CO,H_NURSE_LISTEN,44611.0,2058.11,4.61
SC,H_NURSE_LISTEN,40984.0,1886.9900000000002,4.6
VA,H_NURSE_LISTEN,53229.0,2380.8700000000003,4.47
WA,H_NURSE_LISTEN,36752.0,1629.1000000000001,4.43
WV,H_NURSE_LISTEN,19266.0,840.96,4.36
ND,H_NURSE_LISTEN,5034.0,219.07999999999998,4.35
PA,H_NURSE_LISTEN,89236.0,3790.37,4.25
OH,H_NURSE_LISTEN,107500.0,4532.0,4.22
AK,H_NURSE_LISTEN,3328.0,138.16,4.15
HI,H_NURSE_LISTEN,9291.0,379.48,4.08
RI,H_NURSE_LISTEN,6616.0,265.22,4.01
IA,H_NURSE_LISTEN,24933.0,975.76,3.91
KS,H_NURSE_LISTEN,24411.0,952.0300000000001,3.9
OR,H_NURSE_LISTEN,32865.0,1281.3300000000002,3.9
NE,H_NURSE_LISTEN,22205.0,860.81,3.88
ID,H_NURSE_LISTEN,13402.0,497.93,3.72
NH,H_NURSE_LISTEN,10283.0,378.8299999999999,3.68
WY,H_NURSE_LISTEN,3661.0,133.18,3.64
UT,H_NURSE_LISTEN,18847.0,653.48,3.47
MT,H_NURSE_LISTEN,8434.0,290.99,3.45
ME,H_NURSE_LISTEN,11771.0,399.53999999999996,3.39
MN,H_NURSE_LISTEN,35754.0,1152.81,3.22
SD,H_NURSE_LISTEN,8368.0,261.34999999999997,3.12
VT,H_NURSE_LISTEN,6528.0,202.11,3.1
WI,H_NURSE_LISTEN,53716.0,1590.12,2.96
DC,H_NURSE_RESPECT,7506.0,423.36,5.64
PR,H_NURSE_RESPECT,3904.0,198.18,5.08
NY,H_NURSE_RESPECT,117586.0,4693.96,3.99
NM,H_NURSE_RESPECT,14665.0,546.2,3.72
DE,H_NURSE_RESPECT,14560.0,538.8299999999999,3.7
GA,H_NURSE_RESPECT,65163.0,2395.88,3.68
NV,H_NURSE_RESPECT,14782.0,543.37,3.68
AL,H_NURSE_RESPECT,43376.0,1584.44,3.65
FL,H_NURSE_RESPECT,208784.0,7611.93,3.65
MD,H_NURSE_RESPECT,39595.0,1444.78,3.65
NJ,H_NURSE_RESPECT,69316.0,2502.1800000000003,3.61
MS,H_NURSE_RESPECT,20215.0,697.46,3.45
TN,H_NURSE_RESPECT,48433.0,1660.9599999999998,3.43
AR,H_NURSE_RESPECT,21508.0,719.8,3.35
AZ,H_NURSE_RESPECT,38437.0,1288.9499999999998,3.35
CA,H_NURSE_RESPECT,217688.0,7292.24,3.35
CT,H_NURSE_RESPECT,21482.0,711.76,3.31
MA,H_NURSE_RESPECT,46689.0,1530.67,3.28
TX,H_NURSE_RESPECT,176331.0,5770.97,3.27
LA,H_NURSE_RESPECT,33721.0,1042.1399999999999,3.09
SC,H_NURSE_RESPECT,40984.0,1223.67,2.99
IL,H_NURSE_RESPECT,84493.0,2513.69,2.98
MI,H_NURSE_RESPECT,55017.0,1632.37,2.97
RI,H_NURSE_RESPECT,6616.0,196.07000000000002,2.96
NC,H_NURSE_RESPECT,66191.0,1937.67,2.93
KY,H_NURSE_RESPECT,37012.0,1052.05,2.84
VA,H_NURSE_RESPECT,53229.0,1479.3400000000001,2.78
AK,H_NURSE_RESPECT,3328.0,90.88999999999999,2.73
PA,H_NURSE_RESPECT,89236.0,2408.9300000000003,2.7
IN,H_NURSE_RESPECT,41186.0,1106.3100000000004,2.69
WV,H_NURSE_RESPECT,19266.0,518.5,2.69
OK,H_NURSE_RESPECT,35224.0,921.3900000000001,2.62
HI,H_NURSE_RESPECT,9291.0,239.7,2.58
WA,H_NURSE_RESPECT,36752.0,933.0399999999998,2.54
CO,H_NURSE_RESPECT,44611.0,1126.58,2.53
OH,H_NURSE_RESPECT,107500.0,2688.04,2.5
ND,H_NURSE_RESPECT,5034.0,125.11000000000001,2.49
MO,H_NURSE_RESPECT,56300.0,1359.7900000000002,2.42
NH,H_NURSE_RESPECT,10283.0,246.75,2.4
IA,H_NURSE_RESPECT,24933.0,592.5699999999999,2.38
KS,H_NURSE_RESPECT,24411.0,570.0899999999999,2.34
ME,H_NURSE_RESPECT,11771.0,259.68999999999994,2.21
UT,H_NURSE_RESPECT,18847.0,409.5,2.17
VI,H_NURSE_RESPECT,206.0,4.12,2.0
VT,H_NURSE_RESPECT,6528.0,128.92999999999998,1.98
MN,H_NURSE_RESPECT,35754.0,676.9199999999998,1.89
OR,H_NURSE_RESPECT,32865.0,621.44,1.89
NE,H_NURSE_RESPECT,22205.0,415.30999999999995,1.87
MT,H_NURSE_RESPECT,8434.0,153.92000000000002,1.82
ID,H_NURSE_RESPECT,13402.0,230.91,1.72
WI,H_NURSE_RESPECT,53716.0,922.0899999999999,1.72
WY,H_NURSE_RESPECT,3661.0,61.63,1.68
SD,H_NURSE_RESPECT,8368.0,123.88000000000001,1.48
NY,H_QUIET_HSP,117818.0,21834.969999999998,18.53
MA,H_QUIET_HSP,46689.0,8450.33,18.1
CA,H_QUIET_HSP,218073.0,37462.69,17.18
CT,H_QUIET_HSP,21482.0,3551.9199999999996,16.53
NJ,H_QUIET_HSP,69316.0,11437.529999999999,16.5
DE,H_QUIET_HSP,14559.999999999998,2380.93,16.35
VI,H_QUIET_HSP,206.0,32.96,16.0
DC,H_QUIET_HSP,7506.0,1148.6599999999999,15.3
HI,H_QUIET_HSP,9331.0,1340.78,14.37
NV,H_QUIET_HSP,14782.0,2076.75,14.05
WA,H_QUIET_HSP,36970.0,5191.61,14.04
AZ,H_QUIET_HSP,38570.0,5328.339999999999,13.81
NH,H_QUIET_HSP,10360.0,1418.13,13.69
PA,H_QUIET_HSP,89269.0,11977.050000000001,13.42
RI,H_QUIET_HSP,6616.0,886.31,13.4
MI,H_QUIET_HSP,55248.0,7210.22,13.05
FL,H_QUIET_HSP,208855.0,26438.0,12.66
NM,H_QUIET_HSP,14735.0,1861.3,12.63
PR,H_QUIET_HSP,3904.0,490.30000000000007,12.56
ME,H_QUIET_HSP,11865.0,1465.9,12.35
OH,H_QUIET_HSP,107691.0,13060.02,12.13
MD,H_QUIET_HSP,39595.0,4715.8,11.91
VT,H_QUIET_HSP,6528.0,753.95,11.55
OR,H_QUIET_HSP,32937.0,3800.6899999999996,11.54
WV,H_QUIET_HSP,19369.0,2161.64,11.16
IL,H_QUIET_HSP,85079.0,9111.06,10.71
VA,H_QUIET_HSP,53264.0,5630.090000000001,10.57
NC,H_QUIET_HSP,66224.0,6608.96,9.98
MO,H_QUIET_HSP,56607.0,5472.14,9.67
GA,H_QUIET_HSP,65517.0,6301.070000000001,9.62
IN,H_QUIET_HSP,41304.0,3948.04,9.56
KY,H_QUIET_HSP,37177.0,3537.2999999999997,9.51
TN,H_QUIET_HSP,48625.0,4617.42,9.5
SC,H_QUIET_HSP,41031.0,3895.54,9.49
AK,H_QUIET_HSP,3328.0,314.96999999999997,9.46
IA,H_QUIET_HSP,25695.0,2417.49,9.41
ID,H_QUIET_HSP,13628.0,1269.2199999999998,9.31
CO,H_QUIET_HSP,44886.0,4064.6700000000005,9.06
TX,H_QUIET_HSP,177521.0,15848.500000000002,8.93
AL,H_QUIET_HSP,43812.0,3896.42,8.89
AR,H_QUIET_HSP,21826.0,1869.07,8.56
OK,H_QUIET_HSP,35845.0,3058.68,8.53
UT,H_QUIET_HSP,18983.0,1616.98,8.52
WI,H_QUIET_HSP,53985.0,4456.39,8.25
WY,H_QUIET_HSP,3845.0,309.72,8.06
ND,H_QUIET_HSP,5355.0,428.52000000000004,8.0
MT,H_QUIET_HSP,8535.0,665.83,7.8
NE,H_QUIET_HSP,23012.0,1724.03,7.49
MN,H_QUIET_HSP,36157.0,2606.85,7.21
MS,H_QUIET_HSP,20776.0,1497.5700000000002,7.21
SD,H_QUIET_HSP,8790.0,620.3000000000001,7.06
LA,H_QUIET_HSP,34247.0,2413.1400000000003,7.05
KS,H_QUIET_HSP,25145.0,1769.3599999999997,7.04
VI,H_RECMND,206.0,22.66,11.0
PR,H_RECMND,3904.0,347.05,8.89
DC,H_RECMND,7506.0,649.86,8.66
AZ,H_RECMND,38570.0,3146.7,8.16
NV,H_RECMND,14782.0,1143.26,7.73
NY,H_RECMND,117818.0,8877.899999999998,7.54
TN,H_RECMND,48625.0,3585.08,7.37
FL,H_RECMND,208855.0,15375.190000000002,7.36
NM,H_RECMND,14735.0,1056.81,7.17
MI,H_RECMND,55248.0,3886.1400000000003,7.03
NJ,H_RECMND,69316.0,4874.469999999999,7.03
MD,H_RECMND,39595.0,2655.16,6.71
AL,H_RECMND,43812.0,2896.56,6.61
CA,H_RECMND,218073.0,14229.59,6.53
CT,H_RECMND,21482.0,1388.6499999999999,6.46
DE,H_RECMND,14560.0,909.3599999999999,6.25
MA,H_RECMND,46689.0,2916.0,6.25
IL,H_RECMND,85079.0,5244.27,6.16
OK,H_RECMND,35845.0,2207.1099999999997,6.16
GA,H_RECMND,65517.0,4027.35,6.15
TX,H_RECMND,177521.0,10831.24,6.1
MO,H_RECMND,56607.0,3368.8,5.95
KY,H_RECMND,37177.0,2195.96,5.91
RI,H_RECMND,6616.0,391.02,5.91
AR,H_RECMND,21826.0,1283.27,5.88
PA,H_RECMND,89269.0,5134.549999999999,5.75
MS,H_RECMND,20776.0,1176.6299999999999,5.66
WA,H_RECMND,36970.0,2072.5699999999997,5.61
SC,H_RECMND,41031.0,2297.72,5.6
NC,H_RECMND,66224.0,3691.9100000000003,5.57
VA,H_RECMND,53264.0,2949.7399999999993,5.54
WV,H_RECMND,19369.0,1063.45,5.49
IN,H_RECMND,41304.0,2252.82,5.45
LA,H_RECMND,34247.0,1826.1399999999999,5.33
OH,H_RECMND,107691.0,5703.9400000000005,5.3
ND,H_RECMND,5355.0,270.71,5.06
CO,H_RECMND,44886.0,2242.0200000000004,4.99
NH,H_RECMND,10360.0,508.41,4.91
IA,H_RECMND,25695.0,1209.3000000000002,4.71
OR,H_RECMND,32937.0,1526.9099999999999,4.64
HI,H_RECMND,9331.0,425.44999999999993,4.56
KS,H_RECMND,25145.0,1141.32,4.54
WY,H_RECMND,3845.0,174.70999999999998,4.54
ME,H_RECMND,11865.0,530.94,4.47
MT,H_RECMND,8535.0,368.61,4.32
WI,H_RECMND,53985.0,2310.3,4.28
VT,H_RECMND,6528.0,275.27,4.22
NE,H_RECMND,23012.0,966.63,4.2
AK,H_RECMND,3328.0,139.10999999999999,4.18
UT,H_RECMND,18983.0,740.0900000000001,3.9
ID,H_RECMND,13628.0,527.9300000000001,3.87
MN,H_RECMND,36157.0,1363.01,3.77
SD,H_RECMND,8790.0,292.61999999999995,3.33
PR,H_SIDE_EFFECTS,3904.0,1974.98,50.59
DC,H_SIDE_EFFECTS,7506.0,2927.0199999999995,39.0
DE,H_SIDE_EFFECTS,14560.0,5407.89,37.14
FL,H_SIDE_EFFECTS,208784.0,73546.66,35.23
AZ,H_SIDE_EFFECTS,38437.0,13498.410000000002,35.12
NY,H_SIDE_EFFECTS,117586.0,41293.82,35.12
MD,H_SIDE_EFFECTS,39595.0,13901.060000000001,35.11
NJ,H_SIDE_EFFECTS,69316.0,23863.010000000002,34.43
GA,H_SIDE_EFFECTS,65163.0,22429.14,34.42
NV,H_SIDE_EFFECTS,14782.0,5049.05,34.16
CT,H_SIDE_EFFECTS,21482.0,7309.23,34.02
IN,H_SIDE_EFFECTS,41186.0,14003.919999999996,34.0
NM,H_SIDE_EFFECTS,14665.0,4945.530000000001,33.72
MI,H_SIDE_EFFECTS,55017.0,18515.25,33.65
TN,H_SIDE_EFFECTS,48433.0,16290.32,33.63
IL,H_SIDE_EFFECTS,84493.0,28116.84,33.28
OH,H_SIDE_EFFECTS,107500.0,35200.29,32.74
AL,H_SIDE_EFFECTS,43376.0,14139.560000000001,32.6
MO,H_SIDE_EFFECTS,56300.0,18289.809999999998,32.49
VA,H_SIDE_EFFECTS,53229.0,17219.62,32.35
CA,H_SIDE_EFFECTS,217688.0,70211.01999999999,32.25
AR,H_SIDE_EFFECTS,21508.0,6879.27,31.98
PA,H_SIDE_EFFECTS,89236.0,28509.37,31.95
TX,H_SIDE_EFFECTS,176331.0,56312.91,31.94
OK,H_SIDE_EFFECTS,35224.0,11082.75,31.46
SC,H_SIDE_EFFECTS,40984.0,12804.029999999999,31.24
KY,H_SIDE_EFFECTS,37012.0,11504.17,31.08
ND,H_SIDE_EFFECTS,5034.0,1561.15,31.01
MA,H_SIDE_EFFECTS,46689.0,14437.47,30.92
MS,H_SIDE_EFFECTS,20215.0,6250.28,30.92
NC,H_SIDE_EFFECTS,66191.0,20453.219999999998,30.9
CO,H_SIDE_EFFECTS,44611.0,13712.099999999999,30.74
WA,H_SIDE_EFFECTS,36752.0,11167.57,30.39
WV,H_SIDE_EFFECTS,19266.0,5838.000000000001,30.3
RI,H_SIDE_EFFECTS,6616.0,1995.28,30.16
VI,H_SIDE_EFFECTS,206.0,61.8,30.0
LA,H_SIDE_EFFECTS,33721.0,10072.31,29.87
UT,H_SIDE_EFFECTS,18847.0,5630.530000000001,29.87
IA,H_SIDE_EFFECTS,24933.0,7444.219999999999,29.86
KS,H_SIDE_EFFECTS,24411.0,7240.44,29.66
NH,H_SIDE_EFFECTS,10283.0,3014.72,29.32
NE,H_SIDE_EFFECTS,22205.0,6497.700000000001,29.26
MT,H_SIDE_EFFECTS,8434.0,2456.84,29.13
AK,H_SIDE_EFFECTS,3328.0,946.41,28.44
HI,H_SIDE_EFFECTS,9291.0,2632.18,28.33
OR,H_SIDE_EFFECTS,32865.0,9200.15,27.99
ID,H_SIDE_EFFECTS,13402.0,3740.2499999999995,27.91
MN,H_SIDE_EFFECTS,35754.0,9815.230000000001,27.45
WY,H_SIDE_EFFECTS,3661.0,987.5799999999999,26.98
VT,H_SIDE_EFFECTS,6528.0,1726.57,26.45
WI,H_SIDE_EFFECTS,53716.0,14082.999999999998,26.22
ME,H_SIDE_EFFECTS,11771.0,3083.0800000000004,26.19
SD,H_SIDE_EFFECTS,8368.0,2163.64,25.86
PR,H_SYMPTOMS,3904.0,722.3700000000001,18.5
VI,H_SYMPTOMS,206.0,35.02,17.0
NM,H_SYMPTOMS,14665.0,2173.99,14.82
NV,H_SYMPTOMS,14782.0,2164.0699999999997,14.64
ND,H_SYMPTOMS,5034.0,717.7199999999999,14.26
FL,H_SYMPTOMS,208784.0,29745.48,14.25
DC,H_SYMPTOMS,7506.0,1066.76,14.21
NY,H_SYMPTOMS,117586.0,16654.77,14.16
NJ,H_SYMPTOMS,69316.0,9792.14,14.13
GA,H_SYMPTOMS,65163.0,9074.68,13.93
MS,H_SYMPTOMS,20215.0,2816.4799999999996,13.93
AZ,H_SYMPTOMS,38437.0,5306.749999999999,13.81
TN,H_SYMPTOMS,48433.0,6649.6,13.73
CA,H_SYMPTOMS,217688.0,29448.1,13.53
OK,H_SYMPTOMS,35224.0,4693.139999999999,13.32
IL,H_SYMPTOMS,84493.0,11156.0,13.2
MD,H_SYMPTOMS,39595.0,5178.66,13.08
VA,H_SYMPTOMS,53229.0,6955.259999999999,13.07
HI,H_SYMPTOMS,9291.0,1197.97,12.89
NC,H_SYMPTOMS,66191.0,8476.6,12.81
AL,H_SYMPTOMS,43376.0,5549.77,12.79
AR,H_SYMPTOMS,21508.0,2751.4,12.79
OH,H_SYMPTOMS,107500.0,13743.380000000001,12.78
MI,H_SYMPTOMS,55017.0,7026.410000000001,12.77
WV,H_SYMPTOMS,19266.0,2460.34,12.77
TX,H_SYMPTOMS,176331.0,22409.9,12.71
SC,H_SYMPTOMS,40984.0,5161.75,12.59
IN,H_SYMPTOMS,41186.0,5162.8,12.54
KY,H_SYMPTOMS,37012.0,4633.05,12.52
CT,H_SYMPTOMS,21482.0,2619.68,12.19
AK,H_SYMPTOMS,3328.0,401.9,12.08
LA,H_SYMPTOMS,33721.0,4063.13,12.05
PA,H_SYMPTOMS,89236.0,10606.49,11.89
IA,H_SYMPTOMS,24933.0,2956.94,11.86
WA,H_SYMPTOMS,36752.0,4305.87,11.72
MO,H_SYMPTOMS,56300.0,6555.45,11.64
CO,H_SYMPTOMS,44611.0,5189.09,11.63
NH,H_SYMPTOMS,10283.0,1194.97,11.62
MA,H_SYMPTOMS,46689.0,5399.51,11.56
OR,H_SYMPTOMS,32865.0,3675.4999999999995,11.18
ME,H_SYMPTOMS,11771.0,1295.4899999999998,11.01
RI,H_SYMPTOMS,6616.0,727.77,11.0
VT,H_SYMPTOMS,6528.0,714.3399999999999,10.94
KS,H_SYMPTOMS,24411.0,2665.04,10.92
NE,H_SYMPTOMS,22205.0,2419.59,10.9
MN,H_SYMPTOMS,35754.0,3881.17,10.86
ID,H_SYMPTOMS,13402.0,1438.9799999999998,10.74
MT,H_SYMPTOMS,8434.0,905.37,10.73
DE,H_SYMPTOMS,14560.0,1547.67,10.63
SD,H_SYMPTOMS,8368.0,888.8000000000001,10.62
UT,H_SYMPTOMS,18847.0,1975.4300000000003,10.48
WI,H_SYMPTOMS,53716.0,5518.219999999999,10.27
WY,H_SYMPTOMS,3661.0,357.3,9.76
